run,secret_type,family,n_samples,detection_rate,ceiling,ratio_uncapped,retention_capped
gitleaks/default,aws_access_key_id,char_format,120,0.0000,1.0000,0.0000,0.0000
gitleaks/default,aws_access_key_id,composition,60,0.0000,1.0000,0.0000,0.0000
gitleaks/default,aws_access_key_id,contextual,180,1.0000,1.0000,1.0000,1.0000
gitleaks/default,aws_access_key_id,control,90,1.0000,1.0000,1.0000,1.0000
gitleaks/default,aws_access_key_id,encoding,630,0.1429,1.0000,0.1429,0.1429
gitleaks/default,aws_access_key_id,indirection,60,0.0000,1.0000,0.0000,0.0000
gitleaks/default,aws_access_key_id,multi_encoding,270,0.0000,1.0000,0.0000,0.0000
gitleaks/default,aws_access_key_id,splitting,150,0.0000,1.0000,0.0000,0.0000
gitleaks/default,aws_keypair,char_format,120,0.0000,1.0000,0.0000,0.0000
gitleaks/default,aws_keypair,composition,60,0.0000,1.0000,0.0000,0.0000
gitleaks/default,aws_keypair,contextual,180,1.0000,1.0000,1.0000,1.0000
gitleaks/default,aws_keypair,control,90,1.0000,1.0000,1.0000,1.0000
gitleaks/default,aws_keypair,encoding,630,0.7302,1.0000,0.7302,0.7302
gitleaks/default,aws_keypair,indirection,60,0.5000,1.0000,0.5000,0.5000
gitleaks/default,aws_keypair,multi_encoding,270,0.7000,1.0000,0.7000,0.7000
gitleaks/default,aws_keypair,splitting,150,0.0467,1.0000,0.0467,0.0467
gitleaks/default,aws_secret_access_key,char_format,120,0.0000,0.9444,0.0000,0.0000
gitleaks/default,aws_secret_access_key,composition,60,0.0000,0.9444,0.0000,0.0000
gitleaks/default,aws_secret_access_key,contextual,180,0.0000,0.9444,0.0000,0.0000
gitleaks/default,aws_secret_access_key,control,90,0.9444,0.9444,1.0000,1.0000
gitleaks/default,aws_secret_access_key,encoding,630,0.6206,0.9444,0.6571,0.6571
gitleaks/default,aws_secret_access_key,indirection,60,0.4833,0.9444,0.5118,0.5118
gitleaks/default,aws_secret_access_key,multi_encoding,270,0.6778,0.9444,0.7176,0.7176
gitleaks/default,aws_secret_access_key,splitting,150,0.0733,0.9444,0.0776,0.0776
gitleaks/default,generic_hex_token,char_format,120,0.0000,0.9556,0.0000,0.0000
gitleaks/default,generic_hex_token,composition,60,0.0000,0.9556,0.0000,0.0000
gitleaks/default,generic_hex_token,contextual,180,0.0000,0.9556,0.0000,0.0000
gitleaks/default,generic_hex_token,control,90,0.9556,0.9556,1.0000,1.0000
gitleaks/default,generic_hex_token,encoding,630,0.6937,0.9556,0.7259,0.7259
gitleaks/default,generic_hex_token,indirection,60,0.4833,0.9556,0.5058,0.5058
gitleaks/default,generic_hex_token,multi_encoding,270,0.6593,0.9556,0.6899,0.6899
gitleaks/default,generic_hex_token,splitting,150,0.0200,0.9556,0.0209,0.0209
gitleaks/default,github_pat,char_format,120,0.0000,1.0000,0.0000,0.0000
gitleaks/default,github_pat,composition,60,0.0000,1.0000,0.0000,0.0000
gitleaks/default,github_pat,contextual,180,1.0000,1.0000,1.0000,1.0000
gitleaks/default,github_pat,control,90,1.0000,1.0000,1.0000,1.0000
gitleaks/default,github_pat,encoding,630,0.1429,1.0000,0.1429,0.1429
gitleaks/default,github_pat,indirection,60,0.0000,1.0000,0.0000,0.0000
gitleaks/default,github_pat,multi_encoding,270,0.0000,1.0000,0.0000,0.0000
gitleaks/default,github_pat,splitting,150,0.0000,1.0000,0.0000,0.0000
gitleaks/default,google_api_key,char_format,120,0.0000,1.0000,0.0000,0.0000
gitleaks/default,google_api_key,composition,60,0.0000,1.0000,0.0000,0.0000
gitleaks/default,google_api_key,contextual,180,1.0000,1.0000,1.0000,1.0000
gitleaks/default,google_api_key,control,90,1.0000,1.0000,1.0000,1.0000
gitleaks/default,google_api_key,encoding,630,0.7333,1.0000,0.7333,0.7333
gitleaks/default,google_api_key,indirection,60,0.5000,1.0000,0.5000,0.5000
gitleaks/default,google_api_key,multi_encoding,270,0.6519,1.0000,0.6519,0.6519
gitleaks/default,google_api_key,splitting,150,0.0333,1.0000,0.0333,0.0333
gitleaks/default,jwt,char_format,120,0.0000,1.0000,0.0000,0.0000
gitleaks/default,jwt,composition,60,0.1167,1.0000,0.1167,0.1167
gitleaks/default,jwt,contextual,180,1.0000,1.0000,1.0000,1.0000
gitleaks/default,jwt,control,90,1.0000,1.0000,1.0000,1.0000
gitleaks/default,jwt,encoding,630,0.2857,1.0000,0.2857,0.2857
gitleaks/default,jwt,indirection,60,0.0000,1.0000,0.0000,0.0000
gitleaks/default,jwt,multi_encoding,270,0.0000,1.0000,0.0000,0.0000
gitleaks/default,jwt,splitting,150,0.0267,1.0000,0.0267,0.0267
gitleaks/default,slack_bot_token,char_format,120,0.0000,1.0000,0.0000,0.0000
gitleaks/default,slack_bot_token,composition,60,0.0000,1.0000,0.0000,0.0000
gitleaks/default,slack_bot_token,contextual,180,1.0000,1.0000,1.0000,1.0000
gitleaks/default,slack_bot_token,control,90,1.0000,1.0000,1.0000,1.0000
gitleaks/default,slack_bot_token,encoding,630,0.7127,1.0000,0.7127,0.7127
gitleaks/default,slack_bot_token,indirection,60,0.5000,1.0000,0.5000,0.5000
gitleaks/default,slack_bot_token,multi_encoding,270,0.6778,1.0000,0.6778,0.6778
gitleaks/default,slack_bot_token,splitting,150,0.1400,1.0000,0.1400,0.1400
gitleaks/default,stripe_secret_key,char_format,120,0.0000,1.0000,0.0000,0.0000
gitleaks/default,stripe_secret_key,composition,60,0.0000,1.0000,0.0000,0.0000
gitleaks/default,stripe_secret_key,contextual,180,1.0000,1.0000,1.0000,1.0000
gitleaks/default,stripe_secret_key,control,90,1.0000,1.0000,1.0000,1.0000
gitleaks/default,stripe_secret_key,encoding,630,0.7159,1.0000,0.7159,0.7159
gitleaks/default,stripe_secret_key,indirection,60,0.4833,1.0000,0.4833,0.4833
gitleaks/default,stripe_secret_key,multi_encoding,270,0.6815,1.0000,0.6815,0.6815
gitleaks/default,stripe_secret_key,splitting,150,0.0867,1.0000,0.0867,0.0867
gitleaks/decode,aws_access_key_id,char_format,120,0.0000,1.0000,0.0000,0.0000
gitleaks/decode,aws_access_key_id,composition,60,0.0000,1.0000,0.0000,0.0000
gitleaks/decode,aws_access_key_id,contextual,180,1.0000,1.0000,1.0000,1.0000
gitleaks/decode,aws_access_key_id,control,90,1.0000,1.0000,1.0000,1.0000
gitleaks/decode,aws_access_key_id,encoding,630,0.4159,1.0000,0.4159,0.4159
gitleaks/decode,aws_access_key_id,indirection,60,0.0000,1.0000,0.0000,0.0000
gitleaks/decode,aws_access_key_id,multi_encoding,270,0.9037,1.0000,0.9037,0.9037
gitleaks/decode,aws_access_key_id,splitting,150,0.0000,1.0000,0.0000,0.0000
gitleaks/decode,aws_keypair,char_format,120,0.0000,1.0000,0.0000,0.0000
gitleaks/decode,aws_keypair,composition,60,0.0000,1.0000,0.0000,0.0000
gitleaks/decode,aws_keypair,contextual,180,1.0000,1.0000,1.0000,1.0000
gitleaks/decode,aws_keypair,control,90,1.0000,1.0000,1.0000,1.0000
gitleaks/decode,aws_keypair,encoding,630,0.8429,1.0000,0.8429,0.8429
gitleaks/decode,aws_keypair,indirection,60,0.5000,1.0000,0.5000,0.5000
gitleaks/decode,aws_keypair,multi_encoding,270,1.0000,1.0000,1.0000,1.0000
gitleaks/decode,aws_keypair,splitting,150,0.0467,1.0000,0.0467,0.0467
gitleaks/decode,aws_secret_access_key,char_format,120,0.0000,0.9444,0.0000,0.0000
gitleaks/decode,aws_secret_access_key,composition,60,0.0000,0.9444,0.0000,0.0000
gitleaks/decode,aws_secret_access_key,contextual,180,0.0000,0.9444,0.0000,0.0000
gitleaks/decode,aws_secret_access_key,control,90,0.9444,0.9444,1.0000,1.0000
gitleaks/decode,aws_secret_access_key,encoding,630,0.8381,0.9444,0.8874,0.8874
gitleaks/decode,aws_secret_access_key,indirection,60,0.4833,0.9444,0.5118,0.5118
gitleaks/decode,aws_secret_access_key,multi_encoding,270,1.0000,0.9444,1.0588,1.0000
gitleaks/decode,aws_secret_access_key,splitting,150,0.0733,0.9444,0.0776,0.0776
gitleaks/decode,generic_hex_token,char_format,120,0.0000,0.9556,0.0000,0.0000
gitleaks/decode,generic_hex_token,composition,60,0.0000,0.9556,0.0000,0.0000
gitleaks/decode,generic_hex_token,contextual,180,0.0000,0.9556,0.0000,0.0000
gitleaks/decode,generic_hex_token,control,90,0.9556,0.9556,1.0000,1.0000
gitleaks/decode,generic_hex_token,encoding,630,0.8286,0.9556,0.8671,0.8671
gitleaks/decode,generic_hex_token,indirection,60,0.4833,0.9556,0.5058,0.5058
gitleaks/decode,generic_hex_token,multi_encoding,270,1.0000,0.9556,1.0465,1.0000
gitleaks/decode,generic_hex_token,splitting,150,0.0200,0.9556,0.0209,0.0209
gitleaks/decode,github_pat,char_format,120,0.0000,1.0000,0.0000,0.0000
gitleaks/decode,github_pat,composition,60,0.0000,1.0000,0.0000,0.0000
gitleaks/decode,github_pat,contextual,180,1.0000,1.0000,1.0000,1.0000
gitleaks/decode,github_pat,control,90,1.0000,1.0000,1.0000,1.0000
gitleaks/decode,github_pat,encoding,630,0.4286,1.0000,0.4286,0.4286
gitleaks/decode,github_pat,indirection,60,0.0000,1.0000,0.0000,0.0000
gitleaks/decode,github_pat,multi_encoding,270,0.9963,1.0000,0.9963,0.9963
gitleaks/decode,github_pat,splitting,150,0.0000,1.0000,0.0000,0.0000
gitleaks/decode,google_api_key,char_format,120,0.0000,1.0000,0.0000,0.0000
gitleaks/decode,google_api_key,composition,60,0.0000,1.0000,0.0000,0.0000
gitleaks/decode,google_api_key,contextual,180,1.0000,1.0000,1.0000,1.0000
gitleaks/decode,google_api_key,control,90,1.0000,1.0000,1.0000,1.0000
gitleaks/decode,google_api_key,encoding,630,0.8508,1.0000,0.8508,0.8508
gitleaks/decode,google_api_key,indirection,60,0.5000,1.0000,0.5000,0.5000
gitleaks/decode,google_api_key,multi_encoding,270,1.0000,1.0000,1.0000,1.0000
gitleaks/decode,google_api_key,splitting,150,0.0333,1.0000,0.0333,0.0333
gitleaks/decode,jwt,char_format,120,0.0000,1.0000,0.0000,0.0000
gitleaks/decode,jwt,composition,60,0.1167,1.0000,0.1167,0.1167
gitleaks/decode,jwt,contextual,180,1.0000,1.0000,1.0000,1.0000
gitleaks/decode,jwt,control,90,1.0000,1.0000,1.0000,1.0000
gitleaks/decode,jwt,encoding,630,0.4286,1.0000,0.4286,0.4286
gitleaks/decode,jwt,indirection,60,0.0000,1.0000,0.0000,0.0000
gitleaks/decode,jwt,multi_encoding,270,1.0000,1.0000,1.0000,1.0000
gitleaks/decode,jwt,splitting,150,0.0267,1.0000,0.0267,0.0267
gitleaks/decode,slack_bot_token,char_format,120,0.0000,1.0000,0.0000,0.0000
gitleaks/decode,slack_bot_token,composition,60,0.0167,1.0000,0.0167,0.0167
gitleaks/decode,slack_bot_token,contextual,180,1.0000,1.0000,1.0000,1.0000
gitleaks/decode,slack_bot_token,control,90,1.0000,1.0000,1.0000,1.0000
gitleaks/decode,slack_bot_token,encoding,630,0.8587,1.0000,0.8587,0.8587
gitleaks/decode,slack_bot_token,indirection,60,0.5000,1.0000,0.5000,0.5000
gitleaks/decode,slack_bot_token,multi_encoding,270,1.0000,1.0000,1.0000,1.0000
gitleaks/decode,slack_bot_token,splitting,150,0.1400,1.0000,0.1400,0.1400
gitleaks/decode,stripe_secret_key,char_format,120,0.0000,1.0000,0.0000,0.0000
gitleaks/decode,stripe_secret_key,composition,60,0.0667,1.0000,0.0667,0.0667
gitleaks/decode,stripe_secret_key,contextual,180,1.0000,1.0000,1.0000,1.0000
gitleaks/decode,stripe_secret_key,control,90,1.0000,1.0000,1.0000,1.0000
gitleaks/decode,stripe_secret_key,encoding,630,0.8508,1.0000,0.8508,0.8508
gitleaks/decode,stripe_secret_key,indirection,60,0.4833,1.0000,0.4833,0.4833
gitleaks/decode,stripe_secret_key,multi_encoding,270,1.0000,1.0000,1.0000,1.0000
gitleaks/decode,stripe_secret_key,splitting,150,0.0867,1.0000,0.0867,0.0867
betterleaks/default,aws_access_key_id,char_format,120,0.0000,1.0000,0.0000,0.0000
betterleaks/default,aws_access_key_id,composition,60,0.0000,1.0000,0.0000,0.0000
betterleaks/default,aws_access_key_id,contextual,180,1.0000,1.0000,1.0000,1.0000
betterleaks/default,aws_access_key_id,control,90,1.0000,1.0000,1.0000,1.0000
betterleaks/default,aws_access_key_id,encoding,630,0.1429,1.0000,0.1429,0.1429
betterleaks/default,aws_access_key_id,indirection,60,0.0000,1.0000,0.0000,0.0000
betterleaks/default,aws_access_key_id,multi_encoding,270,0.0000,1.0000,0.0000,0.0000
betterleaks/default,aws_access_key_id,splitting,150,0.0000,1.0000,0.0000,0.0000
betterleaks/default,aws_keypair,char_format,120,0.0000,1.0000,0.0000,0.0000
betterleaks/default,aws_keypair,composition,60,0.0000,1.0000,0.0000,0.0000
betterleaks/default,aws_keypair,contextual,180,1.0000,1.0000,1.0000,1.0000
betterleaks/default,aws_keypair,control,90,1.0000,1.0000,1.0000,1.0000
betterleaks/default,aws_keypair,encoding,630,0.7270,1.0000,0.7270,0.7270
betterleaks/default,aws_keypair,indirection,60,0.5000,1.0000,0.5000,0.5000
betterleaks/default,aws_keypair,multi_encoding,270,0.6963,1.0000,0.6963,0.6963
betterleaks/default,aws_keypair,splitting,150,0.0467,1.0000,0.0467,0.0467
betterleaks/default,aws_secret_access_key,char_format,120,0.0000,0.9444,0.0000,0.0000
betterleaks/default,aws_secret_access_key,composition,60,0.0000,0.9444,0.0000,0.0000
betterleaks/default,aws_secret_access_key,contextual,180,0.0000,0.9444,0.0000,0.0000
betterleaks/default,aws_secret_access_key,control,90,0.9444,0.9444,1.0000,1.0000
betterleaks/default,aws_secret_access_key,encoding,630,0.6190,0.9444,0.6555,0.6555
betterleaks/default,aws_secret_access_key,indirection,60,0.4833,0.9444,0.5118,0.5118
betterleaks/default,aws_secret_access_key,multi_encoding,270,0.6741,0.9444,0.7137,0.7137
betterleaks/default,aws_secret_access_key,splitting,150,0.0733,0.9444,0.0776,0.0776
betterleaks/default,generic_hex_token,char_format,120,0.0000,0.9556,0.0000,0.0000
betterleaks/default,generic_hex_token,composition,60,0.0000,0.9556,0.0000,0.0000
betterleaks/default,generic_hex_token,contextual,180,0.0000,0.9556,0.0000,0.0000
betterleaks/default,generic_hex_token,control,90,0.9556,0.9556,1.0000,1.0000
betterleaks/default,generic_hex_token,encoding,630,0.6746,0.9556,0.7060,0.7060
betterleaks/default,generic_hex_token,indirection,60,0.4833,0.9556,0.5058,0.5058
betterleaks/default,generic_hex_token,multi_encoding,270,0.6519,0.9556,0.6822,0.6822
betterleaks/default,generic_hex_token,splitting,150,0.0200,0.9556,0.0209,0.0209
betterleaks/default,github_pat,char_format,120,0.0000,1.0000,0.0000,0.0000
betterleaks/default,github_pat,composition,60,0.0000,1.0000,0.0000,0.0000
betterleaks/default,github_pat,contextual,180,1.0000,1.0000,1.0000,1.0000
betterleaks/default,github_pat,control,90,1.0000,1.0000,1.0000,1.0000
betterleaks/default,github_pat,encoding,630,0.1429,1.0000,0.1429,0.1429
betterleaks/default,github_pat,indirection,60,0.0000,1.0000,0.0000,0.0000
betterleaks/default,github_pat,multi_encoding,270,0.0000,1.0000,0.0000,0.0000
betterleaks/default,github_pat,splitting,150,0.0000,1.0000,0.0000,0.0000
betterleaks/default,google_api_key,char_format,120,0.0000,1.0000,0.0000,0.0000
betterleaks/default,google_api_key,composition,60,0.0000,1.0000,0.0000,0.0000
betterleaks/default,google_api_key,contextual,180,1.0000,1.0000,1.0000,1.0000
betterleaks/default,google_api_key,control,90,1.0000,1.0000,1.0000,1.0000
betterleaks/default,google_api_key,encoding,630,0.7317,1.0000,0.7317,0.7317
betterleaks/default,google_api_key,indirection,60,0.5000,1.0000,0.5000,0.5000
betterleaks/default,google_api_key,multi_encoding,270,0.6481,1.0000,0.6481,0.6481
betterleaks/default,google_api_key,splitting,150,0.0333,1.0000,0.0333,0.0333
betterleaks/default,jwt,char_format,120,0.0000,1.0000,0.0000,0.0000
betterleaks/default,jwt,composition,60,0.1167,1.0000,0.1167,0.1167
betterleaks/default,jwt,contextual,180,1.0000,1.0000,1.0000,1.0000
betterleaks/default,jwt,control,90,1.0000,1.0000,1.0000,1.0000
betterleaks/default,jwt,encoding,630,0.2857,1.0000,0.2857,0.2857
betterleaks/default,jwt,indirection,60,0.0000,1.0000,0.0000,0.0000
betterleaks/default,jwt,multi_encoding,270,0.0000,1.0000,0.0000,0.0000
betterleaks/default,jwt,splitting,150,0.0267,1.0000,0.0267,0.0267
betterleaks/default,slack_bot_token,char_format,120,0.0000,1.0000,0.0000,0.0000
betterleaks/default,slack_bot_token,composition,60,0.0000,1.0000,0.0000,0.0000
betterleaks/default,slack_bot_token,contextual,180,1.0000,1.0000,1.0000,1.0000
betterleaks/default,slack_bot_token,control,90,1.0000,1.0000,1.0000,1.0000
betterleaks/default,slack_bot_token,encoding,630,0.7095,1.0000,0.7095,0.7095
betterleaks/default,slack_bot_token,indirection,60,0.5000,1.0000,0.5000,0.5000
betterleaks/default,slack_bot_token,multi_encoding,270,0.6704,1.0000,0.6704,0.6704
betterleaks/default,slack_bot_token,splitting,150,0.1400,1.0000,0.1400,0.1400
betterleaks/default,stripe_secret_key,char_format,120,0.0000,1.0000,0.0000,0.0000
betterleaks/default,stripe_secret_key,composition,60,0.0000,1.0000,0.0000,0.0000
betterleaks/default,stripe_secret_key,contextual,180,1.0000,1.0000,1.0000,1.0000
betterleaks/default,stripe_secret_key,control,90,1.0000,1.0000,1.0000,1.0000
betterleaks/default,stripe_secret_key,encoding,630,0.7159,1.0000,0.7159,0.7159
betterleaks/default,stripe_secret_key,indirection,60,0.4833,1.0000,0.4833,0.4833
betterleaks/default,stripe_secret_key,multi_encoding,270,0.6778,1.0000,0.6778,0.6778
betterleaks/default,stripe_secret_key,splitting,150,0.0867,1.0000,0.0867,0.0867
betterleaks/decode,aws_access_key_id,char_format,120,0.0000,1.0000,0.0000,0.0000
betterleaks/decode,aws_access_key_id,composition,60,0.0000,1.0000,0.0000,0.0000
betterleaks/decode,aws_access_key_id,contextual,180,1.0000,1.0000,1.0000,1.0000
betterleaks/decode,aws_access_key_id,control,90,1.0000,1.0000,1.0000,1.0000
betterleaks/decode,aws_access_key_id,encoding,630,0.4159,1.0000,0.4159,0.4159
betterleaks/decode,aws_access_key_id,indirection,60,0.0000,1.0000,0.0000,0.0000
betterleaks/decode,aws_access_key_id,multi_encoding,270,0.9037,1.0000,0.9037,0.9037
betterleaks/decode,aws_access_key_id,splitting,150,0.0000,1.0000,0.0000,0.0000
betterleaks/decode,aws_keypair,char_format,120,0.0000,1.0000,0.0000,0.0000
betterleaks/decode,aws_keypair,composition,60,0.0000,1.0000,0.0000,0.0000
betterleaks/decode,aws_keypair,contextual,180,1.0000,1.0000,1.0000,1.0000
betterleaks/decode,aws_keypair,control,90,1.0000,1.0000,1.0000,1.0000
betterleaks/decode,aws_keypair,encoding,630,0.8397,1.0000,0.8397,0.8397
betterleaks/decode,aws_keypair,indirection,60,0.5000,1.0000,0.5000,0.5000
betterleaks/decode,aws_keypair,multi_encoding,270,1.0000,1.0000,1.0000,1.0000
betterleaks/decode,aws_keypair,splitting,150,0.0467,1.0000,0.0467,0.0467
betterleaks/decode,aws_secret_access_key,char_format,120,0.0000,0.9444,0.0000,0.0000
betterleaks/decode,aws_secret_access_key,composition,60,0.0000,0.9444,0.0000,0.0000
betterleaks/decode,aws_secret_access_key,contextual,180,0.0000,0.9444,0.0000,0.0000
betterleaks/decode,aws_secret_access_key,control,90,0.9444,0.9444,1.0000,1.0000
betterleaks/decode,aws_secret_access_key,encoding,630,0.8349,0.9444,0.8840,0.8840
betterleaks/decode,aws_secret_access_key,indirection,60,0.4833,0.9444,0.5118,0.5118
betterleaks/decode,aws_secret_access_key,multi_encoding,270,1.0000,0.9444,1.0588,1.0000
betterleaks/decode,aws_secret_access_key,splitting,150,0.0733,0.9444,0.0776,0.0776
betterleaks/decode,generic_hex_token,char_format,120,0.0000,0.9556,0.0000,0.0000
betterleaks/decode,generic_hex_token,composition,60,0.0000,0.9556,0.0000,0.0000
betterleaks/decode,generic_hex_token,contextual,180,0.0000,0.9556,0.0000,0.0000
betterleaks/decode,generic_hex_token,control,90,0.9556,0.9556,1.0000,1.0000
betterleaks/decode,generic_hex_token,encoding,630,0.8095,0.9556,0.8472,0.8472
betterleaks/decode,generic_hex_token,indirection,60,0.4833,0.9556,0.5058,0.5058
betterleaks/decode,generic_hex_token,multi_encoding,270,1.0000,0.9556,1.0465,1.0000
betterleaks/decode,generic_hex_token,splitting,150,0.0200,0.9556,0.0209,0.0209
betterleaks/decode,github_pat,char_format,120,0.0000,1.0000,0.0000,0.0000
betterleaks/decode,github_pat,composition,60,0.0000,1.0000,0.0000,0.0000
betterleaks/decode,github_pat,contextual,180,1.0000,1.0000,1.0000,1.0000
betterleaks/decode,github_pat,control,90,1.0000,1.0000,1.0000,1.0000
betterleaks/decode,github_pat,encoding,630,0.4286,1.0000,0.4286,0.4286
betterleaks/decode,github_pat,indirection,60,0.0000,1.0000,0.0000,0.0000
betterleaks/decode,github_pat,multi_encoding,270,0.9963,1.0000,0.9963,0.9963
betterleaks/decode,github_pat,splitting,150,0.0000,1.0000,0.0000,0.0000
betterleaks/decode,google_api_key,char_format,120,0.0000,1.0000,0.0000,0.0000
betterleaks/decode,google_api_key,composition,60,0.0000,1.0000,0.0000,0.0000
betterleaks/decode,google_api_key,contextual,180,1.0000,1.0000,1.0000,1.0000
betterleaks/decode,google_api_key,control,90,1.0000,1.0000,1.0000,1.0000
betterleaks/decode,google_api_key,encoding,630,0.8492,1.0000,0.8492,0.8492
betterleaks/decode,google_api_key,indirection,60,0.5000,1.0000,0.5000,0.5000
betterleaks/decode,google_api_key,multi_encoding,270,1.0000,1.0000,1.0000,1.0000
betterleaks/decode,google_api_key,splitting,150,0.0333,1.0000,0.0333,0.0333
betterleaks/decode,jwt,char_format,120,0.0000,1.0000,0.0000,0.0000
betterleaks/decode,jwt,composition,60,0.1167,1.0000,0.1167,0.1167
betterleaks/decode,jwt,contextual,180,1.0000,1.0000,1.0000,1.0000
betterleaks/decode,jwt,control,90,1.0000,1.0000,1.0000,1.0000
betterleaks/decode,jwt,encoding,630,0.4286,1.0000,0.4286,0.4286
betterleaks/decode,jwt,indirection,60,0.0000,1.0000,0.0000,0.0000
betterleaks/decode,jwt,multi_encoding,270,1.0000,1.0000,1.0000,1.0000
betterleaks/decode,jwt,splitting,150,0.0267,1.0000,0.0267,0.0267
betterleaks/decode,slack_bot_token,char_format,120,0.0000,1.0000,0.0000,0.0000
betterleaks/decode,slack_bot_token,composition,60,0.0167,1.0000,0.0167,0.0167
betterleaks/decode,slack_bot_token,contextual,180,1.0000,1.0000,1.0000,1.0000
betterleaks/decode,slack_bot_token,control,90,1.0000,1.0000,1.0000,1.0000
betterleaks/decode,slack_bot_token,encoding,630,0.8556,1.0000,0.8556,0.8556
betterleaks/decode,slack_bot_token,indirection,60,0.5000,1.0000,0.5000,0.5000
betterleaks/decode,slack_bot_token,multi_encoding,270,1.0000,1.0000,1.0000,1.0000
betterleaks/decode,slack_bot_token,splitting,150,0.1400,1.0000,0.1400,0.1400
betterleaks/decode,stripe_secret_key,char_format,120,0.0000,1.0000,0.0000,0.0000
betterleaks/decode,stripe_secret_key,composition,60,0.0667,1.0000,0.0667,0.0667
betterleaks/decode,stripe_secret_key,contextual,180,1.0000,1.0000,1.0000,1.0000
betterleaks/decode,stripe_secret_key,control,90,1.0000,1.0000,1.0000,1.0000
betterleaks/decode,stripe_secret_key,encoding,630,0.8508,1.0000,0.8508,0.8508
betterleaks/decode,stripe_secret_key,indirection,60,0.4833,1.0000,0.4833,0.4833
betterleaks/decode,stripe_secret_key,multi_encoding,270,1.0000,1.0000,1.0000,1.0000
betterleaks/decode,stripe_secret_key,splitting,150,0.0867,1.0000,0.0867,0.0867
trufflehog/default,aws_access_key_id,char_format,120,0.0000,0.0000,,
trufflehog/default,aws_access_key_id,composition,60,0.0000,0.0000,,
trufflehog/default,aws_access_key_id,contextual,180,0.0000,0.0000,,
trufflehog/default,aws_access_key_id,control,90,0.0000,0.0000,,
trufflehog/default,aws_access_key_id,encoding,630,0.0952,0.0000,,
trufflehog/default,aws_access_key_id,indirection,60,0.0000,0.0000,,
trufflehog/default,aws_access_key_id,multi_encoding,270,0.0000,0.0000,,
trufflehog/default,aws_access_key_id,splitting,150,0.0000,0.0000,,
trufflehog/default,aws_keypair,char_format,120,0.0000,1.0000,0.0000,0.0000
trufflehog/default,aws_keypair,composition,60,0.0000,1.0000,0.0000,0.0000
trufflehog/default,aws_keypair,contextual,180,1.0000,1.0000,1.0000,1.0000
trufflehog/default,aws_keypair,control,90,1.0000,1.0000,1.0000,1.0000
trufflehog/default,aws_keypair,encoding,630,0.3794,1.0000,0.3794,0.3794
trufflehog/default,aws_keypair,indirection,60,0.0000,1.0000,0.0000,0.0000
trufflehog/default,aws_keypair,multi_encoding,270,0.6667,1.0000,0.6667,0.6667
trufflehog/default,aws_keypair,splitting,150,0.0000,1.0000,0.0000,0.0000
trufflehog/default,aws_secret_access_key,char_format,120,0.0000,0.0000,,
trufflehog/default,aws_secret_access_key,composition,60,0.0000,0.0000,,
trufflehog/default,aws_secret_access_key,contextual,180,0.0000,0.0000,,
trufflehog/default,aws_secret_access_key,control,90,0.0000,0.0000,,
trufflehog/default,aws_secret_access_key,encoding,630,0.0000,0.0000,,
trufflehog/default,aws_secret_access_key,indirection,60,0.0000,0.0000,,
trufflehog/default,aws_secret_access_key,multi_encoding,270,0.0000,0.0000,,
trufflehog/default,aws_secret_access_key,splitting,150,0.0000,0.0000,,
trufflehog/default,generic_hex_token,char_format,120,0.0000,0.0000,,
trufflehog/default,generic_hex_token,composition,60,0.0000,0.0000,,
trufflehog/default,generic_hex_token,contextual,180,0.0000,0.0000,,
trufflehog/default,generic_hex_token,control,90,0.0000,0.0000,,
trufflehog/default,generic_hex_token,encoding,630,0.0000,0.0000,,
trufflehog/default,generic_hex_token,indirection,60,0.0000,0.0000,,
trufflehog/default,generic_hex_token,multi_encoding,270,0.0000,0.0000,,
trufflehog/default,generic_hex_token,splitting,150,0.0000,0.0000,,
trufflehog/default,github_pat,char_format,120,0.0000,1.0000,0.0000,0.0000
trufflehog/default,github_pat,composition,60,0.0000,1.0000,0.0000,0.0000
trufflehog/default,github_pat,contextual,180,0.9833,1.0000,0.9833,0.9833
trufflehog/default,github_pat,control,90,1.0000,1.0000,1.0000,1.0000
trufflehog/default,github_pat,encoding,630,0.2841,1.0000,0.2841,0.2841
trufflehog/default,github_pat,indirection,60,0.0000,1.0000,0.0000,0.0000
trufflehog/default,github_pat,multi_encoding,270,0.6593,1.0000,0.6593,0.6593
trufflehog/default,github_pat,splitting,150,0.0000,1.0000,0.0000,0.0000
trufflehog/default,google_api_key,char_format,120,0.0000,0.0000,,
trufflehog/default,google_api_key,composition,60,0.0000,0.0000,,
trufflehog/default,google_api_key,contextual,180,0.0000,0.0000,,
trufflehog/default,google_api_key,control,90,0.0000,0.0000,,
trufflehog/default,google_api_key,encoding,630,0.0016,0.0000,,
trufflehog/default,google_api_key,indirection,60,0.0000,0.0000,,
trufflehog/default,google_api_key,multi_encoding,270,0.0000,0.0000,,
trufflehog/default,google_api_key,splitting,150,0.0000,0.0000,,
trufflehog/default,jwt,char_format,120,0.0000,0.0000,,
trufflehog/default,jwt,composition,60,0.0000,0.0000,,
trufflehog/default,jwt,contextual,180,0.0000,0.0000,,
trufflehog/default,jwt,control,90,0.0000,0.0000,,
trufflehog/default,jwt,encoding,630,0.0000,0.0000,,
trufflehog/default,jwt,indirection,60,0.0000,0.0000,,
trufflehog/default,jwt,multi_encoding,270,0.0000,0.0000,,
trufflehog/default,jwt,splitting,150,0.0000,0.0000,,
trufflehog/default,slack_bot_token,char_format,120,0.0000,0.9889,0.0000,0.0000
trufflehog/default,slack_bot_token,composition,60,0.0167,0.9889,0.0169,0.0169
trufflehog/default,slack_bot_token,contextual,180,1.0000,0.9889,1.0112,1.0000
trufflehog/default,slack_bot_token,control,90,0.9889,0.9889,1.0000,1.0000
trufflehog/default,slack_bot_token,encoding,630,0.2857,0.9889,0.2889,0.2889
trufflehog/default,slack_bot_token,indirection,60,0.0000,0.9889,0.0000,0.0000
trufflehog/default,slack_bot_token,multi_encoding,270,0.6667,0.9889,0.6742,0.6742
trufflehog/default,slack_bot_token,splitting,150,0.1333,0.9889,0.1348,0.1348
trufflehog/default,stripe_secret_key,char_format,120,0.0000,1.0000,0.0000,0.0000
trufflehog/default,stripe_secret_key,composition,60,0.0000,1.0000,0.0000,0.0000
trufflehog/default,stripe_secret_key,contextual,180,1.0000,1.0000,1.0000,1.0000
trufflehog/default,stripe_secret_key,control,90,1.0000,1.0000,1.0000,1.0000
trufflehog/default,stripe_secret_key,encoding,630,0.2857,1.0000,0.2857,0.2857
trufflehog/default,stripe_secret_key,indirection,60,0.0000,1.0000,0.0000,0.0000
trufflehog/default,stripe_secret_key,multi_encoding,270,0.6667,1.0000,0.6667,0.6667
trufflehog/default,stripe_secret_key,splitting,150,0.0000,1.0000,0.0000,0.0000
detect-secrets/default,aws_access_key_id,char_format,120,0.0000,1.0000,0.0000,0.0000
detect-secrets/default,aws_access_key_id,composition,60,0.0000,1.0000,0.0000,0.0000
detect-secrets/default,aws_access_key_id,contextual,180,1.0000,1.0000,1.0000,1.0000
detect-secrets/default,aws_access_key_id,control,90,1.0000,1.0000,1.0000,1.0000
detect-secrets/default,aws_access_key_id,encoding,630,0.2857,1.0000,0.2857,0.2857
detect-secrets/default,aws_access_key_id,indirection,60,0.0000,1.0000,0.0000,0.0000
detect-secrets/default,aws_access_key_id,multi_encoding,270,0.0000,1.0000,0.0000,0.0000
detect-secrets/default,aws_access_key_id,splitting,150,0.0000,1.0000,0.0000,0.0000
detect-secrets/default,aws_keypair,char_format,120,0.7333,1.0000,0.7333,0.7333
detect-secrets/default,aws_keypair,composition,60,0.0000,1.0000,0.0000,0.0000
detect-secrets/default,aws_keypair,contextual,180,0.9778,1.0000,0.9778,0.9778
detect-secrets/default,aws_keypair,control,90,1.0000,1.0000,1.0000,1.0000
detect-secrets/default,aws_keypair,encoding,630,0.9746,1.0000,0.9746,0.9746
detect-secrets/default,aws_keypair,indirection,60,0.5000,1.0000,0.5000,0.5000
detect-secrets/default,aws_keypair,multi_encoding,270,1.0000,1.0000,1.0000,1.0000
detect-secrets/default,aws_keypair,splitting,150,0.2067,1.0000,0.2067,0.2067
detect-secrets/default,aws_secret_access_key,char_format,120,0.7333,1.0000,0.7333,0.7333
detect-secrets/default,aws_secret_access_key,composition,60,0.0000,1.0000,0.0000,0.0000
detect-secrets/default,aws_secret_access_key,contextual,180,0.9889,1.0000,0.9889,0.9889
detect-secrets/default,aws_secret_access_key,control,90,1.0000,1.0000,1.0000,1.0000
detect-secrets/default,aws_secret_access_key,encoding,630,0.9508,1.0000,0.9508,0.9508
detect-secrets/default,aws_secret_access_key,indirection,60,0.5000,1.0000,0.5000,0.5000
detect-secrets/default,aws_secret_access_key,multi_encoding,270,1.0000,1.0000,1.0000,1.0000
detect-secrets/default,aws_secret_access_key,splitting,150,0.2000,1.0000,0.2000,0.2000
detect-secrets/default,generic_hex_token,char_format,120,0.0000,1.0000,0.0000,0.0000
detect-secrets/default,generic_hex_token,composition,60,0.0000,1.0000,0.0000,0.0000
detect-secrets/default,generic_hex_token,contextual,180,1.0000,1.0000,1.0000,1.0000
detect-secrets/default,generic_hex_token,control,90,1.0000,1.0000,1.0000,1.0000
detect-secrets/default,generic_hex_token,encoding,630,0.3444,1.0000,0.3444,0.3444
detect-secrets/default,generic_hex_token,indirection,60,0.5000,1.0000,0.5000,0.5000
detect-secrets/default,generic_hex_token,multi_encoding,270,0.9926,1.0000,0.9926,0.9926
detect-secrets/default,generic_hex_token,splitting,150,0.4733,1.0000,0.4733,0.4733
detect-secrets/default,github_pat,char_format,120,0.0000,1.0000,0.0000,0.0000
detect-secrets/default,github_pat,composition,60,0.0000,1.0000,0.0000,0.0000
detect-secrets/default,github_pat,contextual,180,1.0000,1.0000,1.0000,1.0000
detect-secrets/default,github_pat,control,90,1.0000,1.0000,1.0000,1.0000
detect-secrets/default,github_pat,encoding,630,0.8206,1.0000,0.8206,0.8206
detect-secrets/default,github_pat,indirection,60,0.5000,1.0000,0.5000,0.5000
detect-secrets/default,github_pat,multi_encoding,270,1.0000,1.0000,1.0000,1.0000
detect-secrets/default,github_pat,splitting,150,0.0333,1.0000,0.0333,0.0333
detect-secrets/default,google_api_key,char_format,120,0.7500,1.0000,0.7500,0.7500
detect-secrets/default,google_api_key,composition,60,0.0000,1.0000,0.0000,0.0000
detect-secrets/default,google_api_key,contextual,180,0.9667,1.0000,0.9667,0.9667
detect-secrets/default,google_api_key,control,90,1.0000,1.0000,1.0000,1.0000
detect-secrets/default,google_api_key,encoding,630,0.9825,1.0000,0.9825,0.9825
detect-secrets/default,google_api_key,indirection,60,0.5000,1.0000,0.5000,0.5000
detect-secrets/default,google_api_key,multi_encoding,270,1.0000,1.0000,1.0000,1.0000
detect-secrets/default,google_api_key,splitting,150,0.2000,1.0000,0.2000,0.2000
detect-secrets/default,jwt,char_format,120,0.0000,1.0000,0.0000,0.0000
detect-secrets/default,jwt,composition,60,0.0000,1.0000,0.0000,0.0000
detect-secrets/default,jwt,contextual,180,1.0000,1.0000,1.0000,1.0000
detect-secrets/default,jwt,control,90,1.0000,1.0000,1.0000,1.0000
detect-secrets/default,jwt,encoding,630,0.7143,1.0000,0.7143,0.7143
detect-secrets/default,jwt,indirection,60,0.0000,1.0000,0.0000,0.0000
detect-secrets/default,jwt,multi_encoding,270,1.0000,1.0000,1.0000,1.0000
detect-secrets/default,jwt,splitting,150,0.1267,1.0000,0.1267,0.1267
detect-secrets/default,slack_bot_token,char_format,120,0.0000,0.8222,0.0000,0.0000
detect-secrets/default,slack_bot_token,composition,60,0.0000,0.8222,0.0000,0.0000
detect-secrets/default,slack_bot_token,contextual,180,0.8222,0.8222,1.0000,1.0000
detect-secrets/default,slack_bot_token,control,90,0.8222,0.8222,1.0000,1.0000
detect-secrets/default,slack_bot_token,encoding,630,0.8000,0.8222,0.9730,0.9730
detect-secrets/default,slack_bot_token,indirection,60,0.4167,0.8222,0.5068,0.5068
detect-secrets/default,slack_bot_token,multi_encoding,270,1.0000,0.8222,1.2162,1.0000
detect-secrets/default,slack_bot_token,splitting,150,0.0333,0.8222,0.0405,0.0405
detect-secrets/default,stripe_secret_key,char_format,120,0.7500,1.0000,0.7500,0.7500
detect-secrets/default,stripe_secret_key,composition,60,0.0000,1.0000,0.0000,0.0000
detect-secrets/default,stripe_secret_key,contextual,180,0.5889,1.0000,0.5889,0.5889
detect-secrets/default,stripe_secret_key,control,90,1.0000,1.0000,1.0000,1.0000
detect-secrets/default,stripe_secret_key,encoding,630,0.9841,1.0000,0.9841,0.9841
detect-secrets/default,stripe_secret_key,indirection,60,0.5000,1.0000,0.5000,0.5000
detect-secrets/default,stripe_secret_key,multi_encoding,270,1.0000,1.0000,1.0000,1.0000
detect-secrets/default,stripe_secret_key,splitting,150,0.1933,1.0000,0.1933,0.1933
